gene,asssay_seq_name,,,forward_primer_sequence,front_flanks,assay_sequence,length_assay,STR,motif,back_flanks,reverse_primer_sequence (reverse_complement),reverse_primer(but forward),"
between_primers",forward_primer_length,reverse_primer_length,repeat_motif,motif_length,number_repeats,length_of_STR,Start,Stop
AY300802,AY300802.1_Predesigned,,,CGTGGACTAACAGCAAACATT,TTTGTAAAGTTACAGTTATTACT,CGTGGACTAACAGCAAACATTTTTGTAAAGTTACAGTTATTACTTGTGTGTGTGTGTGTGTGTGTGTGTGTGTGTGTGTGTGTGTGTGTGTGTGTGTGTGTGTGTGTGTGTGTGTGTGTGTGTGTGCGTGCGCGCGTGAGTGCGCGGGTGCACT,154,TGTGTGTGTGTGTGTGTGTGTGTGTGTGTGTGTGTGTGTGTGTGTGTGTGTGTGTGTGTGTGTGTGTGTGTGTGTGTGTGTG,(TG)41,CGCGCG,AGTGCACCCGCGCACTCA,TGAGTGCGCGGGTGCACT,TTTGTAAAGTTACAGTTATTACTTGTGTGTGTGTGTGTGTGTGTGTGTGTGTGTGTGTGTGTGTGTGTGTGTGTGTGTGTGTGTGTGTGTGTGTGTGTGTGTGTGCGTGCGCGCG,21,18,TG,2,41,82,44,126
AY300797,AY300797.1_Predesigned,,,GCGTCTCAGAACAACAGCTTCA,GTTTCAACTATTACAAAAATTGCAA,GCGTCTCAGAACAACAGCTTCAGTTTCAACTATTACAAAAATTGCAACAGCAGCAGCAGCAGCAGCAGCAGCAATTGCACTCCCCATCAAGTTCAATCTTGCAGCC,106,CAGCAGCAGCAGCAGCAGCAGCAG,(CAG)8,CAATTGCACTCCCC,GGCTGCAAGATTGAACTTGAT,ATCAAGTTCAATCTTGCAGCC,GTTTCAACTATTACAAAAATTGCAACAGCAGCAGCAGCAGCAGCAGCAGCAATTGCACTCCCC,22,21,CAG,3,8,24,67,91
AY300798,AY300798.1_Predesigned,,,TCCTGTTTCAGAGACATGCA,,TCCTGTTTCAGAGACATGCACAGCAGCAACAGCAGCAACAACAGCAGCAGCAGCAGCAGCAGCAGCAACAGCAACAACAGCAGCAGCAGCAGCAGCAGCAGCAGCAGCAACAACAGCAGCAGCAGCAGCAGCAGCAATCACAGCCGCCTCCTCAACAACAGCGAAGAGATGGTCC,175,CAGCAGCAGCAGCAGCAGCAGCAGCAACAGCAACAACAGCAGCAGCAGCAGCAGCAGCAGCAGCAGCAACAACAGCAGCAGCAGCAGCAGCAG,(CAG)31,CAATCACAGCCGCCTCCTCA,GGACCATCTCTTCGCTGTTGT,ACAACAGCGAAGAGATGGTCC,CAGCAGCAACAGCAGCAACAACAGCAGCAGCAGCAGCAGCAGCAGCAACAGCAACAACAGCAGCAGCAGCAGCAGCAGCAGCAGCAGCAACAACAGCAGCAGCAGCAGCAGCAGCAATCACAGCCGCCTCCTCA,20,21,CAG,3,31,93,41,134
AY300799,AY300799.1_Predesigned,,,CCTTCATGATTGCAATCGGTA,ATCTTTCAGGCAATATCTTATTCAATTCATCCATATTGTAAATCGCATCAAAATTCAATTAAATCCCAACAAACAAATAACACCCACAAACACN,CCTTCATGATTGCAATCGGTAATCTTTCAGGCAATATCTTATTCAATTCATCCATATTGTAAATCGCATCAAAATTCAATTAAATCCCAACAAACAAATAACACCCACAAACACNCACACACACACACACACNCACAAAGATGGTTACGATTATTGT,157,CACACACACACACACA,(CA)8,CNCACA,ACAATAATCGTAACCATCTT,AAGATGGTTACGATTATTGT,ATCTTTCAGGCAATATCTTATTCAATTCATCCATATTGTAAATCGCATCAAAATTCAATTAAATCCCAACAAACAAATAACACCCACAAACACNCACACACACACACACACNCACA,21,20,CA,2,8,16,115,131
AY300800,AY300800.1_Predesigned,,,GCATAGATGGAGATTGGGAT,TGAGAGGCCGAAGCAAAATGAGACATTTGGGAGGCAGCATTTGGAATCTGCTGATGATCAACAAGTTGCTGTTGTTGT,GCATAGATGGAGATTGGGATTGAGAGGCCGAAGCAAAATGAGACATTTGGGAGGCAGCATTTGGAATCTGCTGATGATCAACAAGTTGCTGTTGTTGTTGCTGCTGCTGCTGCTGCTGCTGCTGCTGCTGCTGCTCTTGCTGCTGTGAATTGCTAAACGAATGCTGATGCTGCAACTGCTGCTGAANAAGGTGGGATTGTGTTTGAGGC,209,TGCTGCTGCTGCTGCTGCTGCTGCTGCTGCTGCTGC,(TGC)12,TCTTGCTGCTGTGAATTGCTAAACGAATGCTGATGCTGCAACTGCTGCTGAANA,GCCTCAAACACAATCCCACCT,AGGTGGGATTGTGTTTGAGGC,TGAGAGGCCGAAGCAAAATGAGACATTTGGGAGGCAGCATTTGGAATCTGCTGATGATCAACAAGTTGCTGTTGTTGTTGCTGCTGCTGCTGCTGCTGCTGCTGCTGCTGCTGCTCTTGCTGCTGTGAATTGCTAAACGAATGCTGATGCTGCAACTGCTGCTGAANA,20,21,TGC,3,12,36,98,134
AY300801,AY300801.1_Predesigned,,,GCATGAGCTTATTCGTTATAC,TTTGTTCTAAGGGTCAAACATGTGGAATGATGTGTTTAATGTCATCTGAAAACATGAAATTTGATA,GCATGAGCTTATTCGTTATACTTTGTTCTAAGGGTCAAACATGTGGAATGATGTGTTTAATGTCATCTGAAAACATGAAATTTGATAAGAGAGAGAGAGAGAGAGAGAGAGAGAGAGAGAGAGAGAGAGAGAGAGGGAAAAACAGAAACACGTCCTAATACTGATTTCTTTTGCC,175,AGAGAGAGAGAGAGAGAGAGAGAGAGAGAGAGAGAGAGAGAGAGAGAG,(AG)24,GGAAAAACAGAAACACG,GGCAAAAGAAATCAGTATTAGGA,TCCTAATACTGATTTCTTTTGCC,TTTGTTCTAAGGGTCAAACATGTGGAATGATGTGTTTAATGTCATCTGAAAACATGAAATTTGATAAGAGAGAGAGAGAGAGAGAGAGAGAGAGAGAGAGAGAGAGAGAGAGAGGGAAAAACAGAAACACG,21,23,AG,2,24,48,87,135
AY520826,AY520826.1.3454.t0,,,GACCTCTCTCTCCCATCCAT,CTCGGCTCATTGGCCTTGTTGGTTCCAGGGTTCGCCGCCTCCCTGTCTGCCCGGAGTCGCGACCACGTCTTCTTCCTCCTCTA,GACCTCTCTCTCCCATCCATCTCGGCTCATTGGCCTTGTTGGTTCCAGGGTTCGCCGCCTCCCTGTCTGCCCGGAGTCGCGACCACGTCTTCTTCCTCCTCTATCTCTCTCTCTCTCTCTCTCTCTCTAATTCTCTATCTCTGTCA,146,TCTCTCTCTCTCTCTCTCTCTCTC,(TC)12,,TGACAGAGATAGAGAATTAGAGAGA,TCTCTCTAATTCTCTATCTCTGTCA,CTCGGCTCATTGGCCTTGTTGGTTCCAGGGTTCGCCGCCTCCCTGTCTGCCCGGAGTCGCGACCACGTCTTCTTCCTCCTCTATCTCTCTCTCTCTCTCTC,20,25,TC,2,12,24,267,291
AY520830,AY520830.1_Predesigned,,,CTCTTCCATTCGTCCTCACC,ACTCTCTCCTTCTCTCTCTTTCTCTCTAAA,CTCTTCCATTCGTCCTCACCACTCTCTCCTTCTCTCTCTTTCTCTCTAAATCTCTCTCTCTCTCTCTGTCACAAAAAAGCCTAAAACATATGGGGACTTTGGTGGGACATGTAGCACCTGGCTTTGGCTTCCTTCTTCTTGGCTTATGGCACCTC,155,TCTCTCTCTCTCTCTC,(TC)8,TGTCACAAAAAAGCCTAAAACATATGGGGACTTTGGTGGGACATGTAGCACCTGGCTTTGGCTTCCTTC,GAGGTGCCATAAGCCAAGAA,TTCTTGGCTTATGGCACCTC,ACTCTCTCCTTCTCTCTCTTTCTCTCTAAATCTCTCTCTCTCTCTCTGTCACAAAAAAGCCTAAAACATATGGGGACTTTGGTGGGACATGTAGCACCTGGCTTTGGCTTCCTTC,20,20,TC,2,8,16,83,99
AY520827,AY520827.1.6839.t0,,,ATAATCACCCCTTGCGCATC,CCATTCTAAACTCCCTACAC,ATAATCACCCCTTGCGCATCCCATTCTAAACTCCCTACACCTCTCTCTCTCTCTCTCTCTGTCTTTTTGCTTATAAAACCGGCAANAGGCGCAAAGCTAGCTAACTACTTGGTTTGTATCACCTTTTACCATCTTCG,137,CTCTCTCTCTCTCTCTCTCT,(CT)10,GTCTTTTTGCTTATAAAACCGGCAANAGGCGCAAAGCTAGCTAACTACTTGGTT,CGAAGATGGTAAAAGGTGATACA,TGTATCACCTTTTACCATCTTCG,CCATTCTAAACTCCCTACACCTCTCTCTCTCTCTCTCTCTGTCTTTTTGCTTATAAAACCGGCAANAGGCGCAAAGCTAGCTAACTACTTGGTT,20,23,CT,2,10,20,376,396
AY520829,AY520829.1_Predesigned,,,AAATGGCCGGAATGTGTTAC,GGAGCAATTTTATGTCTATTTTCTACCACACATCAAGTTGGGGAATGAGCATTTATGTCTTCTTTTT,AAATGGCCGGAATGTGTTACGGAGCAATTTTATGTCTATTTTCTACCACACATCAAGTTGGGGAATGAGCATTTATGTCTTCTTTTTTCTCTCTCTCTCTTCTTCTCCTTCTTTCTCTCTCTCTCTCTTATTTCACTTGTCCTCTCACCCA,151,TCTCTCTCTCTCTTCTTCTCCTTCTTTCTCTCTCTCTCTC,(TC)20,TTAT,TGGGTGAGAGGACAAGTGAA,TTCACTTGTCCTCTCACCCA,GGAGCAATTTTATGTCTATTTTCTACCACACATCAAGTTGGGGAATGAGCATTTATGTCTTCTTTTTTCTCTCTCTCTCTTCTTCTCCTTCTTTCTCTCTCTCTCTCTTAT,20,20,TC,2,20,40,142,182
AY520835,AY520835.1_Predesigned,,,GATTTAGGGGGCATTTAT,GCCAATTAGTC,GATTTAGGGGGCATTTATGCCAATTAGTCATATATATATATATATATATATATACACACACACACACCGGAGAAATACCCTATTTATACACTTT,94,ATATATATATATATATATATATATACACACACACACAC,(AT)12(AC)7,CGGAGAA,AAAGTGTATAAATAGGGTAT,ATACCCTATTTATACACTTT,GCCAATTAGTCATATATATATATATATATATATATACACACACACACACCGGAGAA,18,20,,2,28,56,35,73
EF123150,EF123150.1_Predesigned,,,GGGAAGTCAAATTCCCATGA,CTAGAGCTTTGCATATATGCTTTGCAACGCTGTCCGTACGCATGATGTTATATATAT,GGGAAGTCAAATTCCCATGACTAGAGCTTTGCATATATGCTTTGCAACGCTGTCCGTACGCATGATGTTATATATATACACACACACACACACACGTGTCGCAAAAGATTGTGAAGATGCCATTGGAG,128,ACACACACACACACACAC,(AC)9,GTGTCGCAAAAGA,CTCCAATGGCATCTTCACAA,TTGTGAAGATGCCATTGGAG,CTAGAGCTTTGCATATATGCTTTGCAACGCTGTCCGTACGCATGATGTTATATATATACACACACACACACACACGTGTCGCAAAAGA,20,20,AC,2,9,18,285,303
EF123154,EF123154.1_Predesigned,,,AGCAATAAACCTTGTGTCGTG,CCCACACACACGCACACACACAAAGCATAGCAATCTCAGCAGATATAAAGATTCCTTAATCCTATTTAGCAACAACCCTTCTAGT,AGCAATAAACCTTGTGTCGTGCCCACACACACGCACACACACAAAGCATAGCAATCTCAGCAGATATAAAGATTCCTTAATCCTATTTAGCAACAACCCTTCTAGTTTATTATTATTATTAAAATCCTCTCCTTTCTTTATTCTTTTTTCTTTTCCCTAAAAAAACGTTTTTTCTACACCATATTGCCTGGTGTAAAAAACTTACCTTCATATCAGGCTGAGTGTTGAAGAGACGAAGCATAGCAAGCTC,250,TTATTATTATTATTA,(TTA)5,AAATCCTCTCCTTTCTTTATTCTTTTTTCTTTTCCCTAAAAAAACGTTTTTTCTACACCATATTGCCTGGTGTAAAAAACTTACCTTCATATCAGGCTGAGTGTTGAA,GAGCTTGCTATGCTTCGTCTC,GAGACGAAGCATAGCAAGCTC,CCCACACACACGCACACACACAAAGCATAGCAATCTCAGCAGATATAAAGATTCCTTAATCCTATTTAGCAACAACCCTTCTAGTTTATTATTATTATTAAAATCCTCTCCTTTCTTTATTCTTTTTTCTTTTCCCTAAAAAAACGTTTTTTCTACACCATATTGCCTGGTGTAAAAAACTTACCTTCATATCAGGCTGAGTGTTGAA,21,21,TTA,3,5,15,117,132
EF123155,EF123155.1.2644.t0,,,TAAGCGGTGTGGGATTTCTAC,GGAAATGGAAGCGACAGTGACGGTGGAGATTTATATGAGAAAAAAATAAATGGAATTAATAAATAGTTAAAGAGAGAAGAAGAGAAAGAGGCCGAAATGGAATGGTGATG,TAAGCGGTGTGGGATTTCTACGGAAATGGAAGCGACAGTGACGGTGGAGATTTATATGAGAAAAAAATAAATGGAATTAATAAATAGTTAAAGAGAGAAGAAGAGAAAGAGGCCGAAATGGAATGGTGATGGAGAGAGAGAGAGAGAGGGAGAGAGGTGTGTGGGCTTTTTGTAGTTTTATGAAACATAAGTTTCAGAGGAAGGAAGG,208,GAGAGAGAGAGAGAGA,(GA)8,GGGAGAGAGGTGTGTGGGCTTTTTGTAGTTTTATGAAACATAAGT,CCTTCCTTCCTCTGAA,TTCAGAGGAAGGAAGG,GGAAATGGAAGCGACAGTGACGGTGGAGATTTATATGAGAAAAAAATAAATGGAATTAATAAATAGTTAAAGAGAGAAGAAGAGAAAGAGGCCGAAATGGAATGGTGATGGAGAGAGAGAGAGAGAGGGAGAGAGGTGTGTGGGCTTTTTGTAGTTTTATGAAACATAAGT,21,16,GA,2,8,16,300,316
EF123156,EF123156.1.1740.t1,,,CGTGAAAAGGATCCGAATGAA,AACCATGCCAC,CGTGAAAAGGATCCGAATGAAAACCATGCCACGAGAGAGAGAGAGAGAGAGAATAAAAGAAAAAGGAATAGAAAGAGAAAGCAGATGATCATGATGTTGATGAAGACGTCAAAGATGTAAATTGGCTCCAATGAAAACCCATGGAACC,148,GAGAGAGAGAGAGAGAGAGA,(GA)10,ATAAAAGAAAAAGGAATAGAAAGAGAAAGCAGATGATCATGATGTTGATGAAGACGTCAAAGATGTAAATTGGCTCCAATG,GGTTCCATGGGTTTT,AAAACCCATGGAACC,AACCATGCCACGAGAGAGAGAGAGAGAGAGAATAAAAGAAAAAGGAATAGAAAGAGAAAGCAGATGATCATGATGTTGATGAAGACGTCAAAGATGTAAATTGGCTCCAATG,21,15,GA,2,10,20,144,164
EF123157,EF123157.1_Predesigned,,,AGATTTCATGCCTCCAGTCG,GAAAGCTGACACTGACTAATAGTGACTCTAATCAAATTTCCATTTCCCCCGGCGCATTTTAGCACCCACCAACACTTTTCGTCTCACTC,AGATTTCATGCCTCCAGTCGGAAAGCTGACACTGACTAATAGTGACTCTAATCAAATTTCCATTTCCCCCGGCGCATTTTAGCACCCACCAACACTTTTCGTCTCACTCCTTCTTCTTCTTCTTCTTCTTCGATCTTTCTTTCCTCTTTCTGTTGCACTCAGATCGTTTTCTACCTCTGCATTTCGAAAGG,191,CTTCTTCTTCTTCTTCTTCTT,(CTT)7,CGATCTTTCTTTCCTCTTTCTGTTGCACTCAGATCGTTTT,CCTTTCGAAATGCAGAGGTAG,CTACCTCTGCATTTCGAAAGG,GAAAGCTGACACTGACTAATAGTGACTCTAATCAAATTTCCATTTCCCCCGGCGCATTTTAGCACCCACCAACACTTTTCGTCTCACTCCTTCTTCTTCTTCTTCTTCTTCGATCTTTCTTTCCTCTTTCTGTTGCACTCAGATCGTTTT,20,21,CTT,3,7,21,127,148
EF123158,EF123158.1.5910.t0,,,GCTTAATTTGATGGGTTTCTTCATAG,GCGCTGAGGTAGTCCTTTACCTTGATGAGATGAAGGAAGGGATTGCTCCTTGTGGGAAGGTTC,GCTTAATTTGATGGGTTTCTTCATAGGCGCTGAGGTAGTCCTTTACCTTGATGAGATGAAGGAAGGGATTGCTCCTTGTGGGAAGGTTCTGTATGTATGTATGTATGTATGTCCTTGTCTTCATATAGCTCAAAAGT,137,TGTATGTATGTATGTATGTA,(TGTA)5,T,ACTTTTGAGCTATATGAAGACAAGGAC,GTCCTTGTCTTCATATAGCTCAAAAGT,GCGCTGAGGTAGTCCTTTACCTTGATGAGATGAAGGAAGGGATTGCTCCTTGTGGGAAGGTTCTGTATGTATGTATGTATGTAT,26,27,TGTA,4,5,20,285,305
EF123160,EF123160.1.2002.t0,,,CATCCTTGCCTTTATAAAGGACG,CTAAGGCAGTCAAGGCCAAAATCCCAAACAGTGGAAAAGAAGGAAAAGAAAAACAGTTCTGAACCTTAGAAATCC,CATCCTTGCCTTTATAAAGGACGCTAAGGCAGTCAAGGCCAAAATCCCAAACAGTGGAAAAGAAGGAAAAGAAAAACAGTTCTGAACCTTAGAAATCCCTCTCTCTCTCTCTCTCTCTCTCTCTCTCTCTCTCTCTTATATGCTCTGTTTC,151,CTCTCTCTCTCTCTCTCTCTCTCTCTCTCTCTCTCTCT,(CT)19,,GAAACAGAGCATATAAGAGAGAGAGA,TCTCTCTCTCTTATATGCTCTGTTTC,CTAAGGCAGTCAAGGCCAAAATCCCAAACAGTGGAAAAGAAGGAAAAGAAAAACAGTTCTGAACCTTAGAAATCCCTCTCTCTCTCTCTCTCTCTCTCTCTC,23,26,CT,2,19,38,239,277
EF123161,EF123161.1.146.t0,,,ACCACCTTTGTTTTGTCAAA,AGATCATACTTTGTAATAATGCCAATTTGTTGAAATTTACGTAATTACATGTCAAATTA,ACCACCTTTGTTTTGTCAAAAGATCATACTTTGTAATAATGCCAATTTGTTGAAATTTACGTAATTACATGTCAAATTATGTGTGTGTGTGTGTGTATACATATATATCGTTAATTTCGACTATCAAAAGAAGTCTTTGATGT,143,TGTGTGTGTGTGTGTG,(TG)8,TATACATATATATCGTTAATTTCG,ACATCAAAGACTTCTTTTGATAGT,ACTATCAAAAGAAGTCTTTGATGT,AGATCATACTTTGTAATAATGCCAATTTGTTGAAATTTACGTAATTACATGTCAAATTATGTGTGTGTGTGTGTGTATACATATATATCGTTAATTTCG,20,24,TG,2,8,16,79,95
EF123162,Gap156_EF123162.1.2469.t1,,,TGACGAGTCAATAATATTTTGCTTT,CAGCCCCCTCCAAAACTTCAAAAACTAACGCGTCCCTTCCCAAACACGACGA,TGACGAGTCAATAATATTTTGCTTTCAGCCCCCTCCAAAACTTCAAAAACTAACGCGTCCCTTCCCAAACACGACGAACACACACACACACACACACACACACACACTCAAACCCTAGCTCTCTACCTACCTCTTTCTCTCTTCTTCACACTCGCAATTGAAGCGAAATTTTGGAGGTGAAGTTCCGAATTTGATCTGTTTTCGTGGTT,209,ACACACACACACACACACACACACACACAC,(AC)15,TCAAACCCTAGCTCTCTACCTACCTCTTTCTCTCTTCTTCACACTCGCAATTGAAGCGAAATTTTGGAGGTGAAGTTCC,AACCACGAAAACAGATCAAATTC,GAATTTGATCTGTTTTCGTGGTT,CAGCCCCCTCCAAAACTTCAAAAACTAACGCGTCCCTTCCCAAACACGACGAACACACACACACACACACACACACACACACTCAAACCCTAGCTCTCTACCTACCTCTTTCTCTCTTCTTCACACTCGCAATTGAAGCGAAATTTTGGAGGTGAAGTTCC,25,23,AC,2,15,30,175,205
MK780746,MK780746.1.1166.t1,,,ATTTCACCTTGAGTAAATAGTCATAATTA,GCTCACCACTA,ATTTCACCTTGAGTAAATAGTCATAATTAGCTCACCACTAAGAGAGAGAGAGAGAGAGAGAGAGAGAGAGAGAGAGAAGAAAACAAACTATACCCACAAATTTTGTTCCTCTTTGTTTGTACATGTAGATTTTATGTC,138,AGAGAGAGAGAGAGAGAGAGAGAGAGAGAGAGAGAG,(AG)18,AAGAAAACAAACTATACCCACAAATTTTGTTCC,GACATAAAATCTACATGTACAAACAAAGA,TCTTTGTTTGTACATGTAGATTTTATGTC,GCTCACCACTAAGAGAGAGAGAGAGAGAGAGAGAGAGAGAGAGAGAGAAGAAAACAAACTATACCCACAAATTTTGTTCC,29,29,AG,2,18,36,133,169
MK780758,MK780758.1.20.t0,,,GTCGTAAAAGTCCTATAATGCT,AGGGCTCTTAGAAGTGTTTTGGGGATTAAATAGAAGTTTTGGGTGAAAGAAATCGAGAAA,GTCGTAAAAGTCCTATAATGCTAGGGCTCTTAGAAGTGTTTTGGGGATTAAATAGAAGTTTTGGGTGAAAGAAATCGAGAAAAATAATAATAATAATAATAATAATTCGGATCTGGAACAATGTGCATGCCGTGGCATGCATTTTTCTATGTCGCA,156,AATAATAATAATAATAATAATAAT,(AAT)8,TCGGATCTGGAACAATGTGCATGCCGTGGC,TGCGACATAGAAAAATGCAT,ATGCATTTTTCTATGTCGCA,AGGGCTCTTAGAAGTGTTTTGGGGATTAAATAGAAGTTTTGGGTGAAAGAAATCGAGAAAAATAATAATAATAATAATAATAATTCGGATCTGGAACAATGTGCATGCCGTGGC,22,20,AAT,3,8,24,88,112
MK780756,MK780756.1_Predesigned,,,ATGAACCTCATCCAAGCAGC,TTGATAATGATAGCGAGTAGAATATCCATAGCA,ATGAACCTCATCCAAGCAGCTTGATAATGATAGCGAGTAGAATATCCATAGCAAATAATAATAATAATAATAATGCAACTAAGGACATCTAGTATTTAATATACCAACTGGGACCTATCCTTTCTCTTCTTTTCGAGTTCCTGCAAACAACGGA,154,AATAATAATAATAATAATAAT,(AAT)7,GCAACTAAGGACATCTAGTATTTAATATACCAACTGGGACCTATCCTTTCTCTTCTTTTC,TCCGTTGTTTGCAGGAACTC,GAGTTCCTGCAAACAACGGA,TTGATAATGATAGCGAGTAGAATATCCATAGCAAATAATAATAATAATAATAATGCAACTAAGGACATCTAGTATTTAATATACCAACTGGGACCTATCCTTTCTCTTCTTTTC,20,20,AAT,3,7,21,601,622
MK780751,MK780751.1.1028.t1,,,CCTCCGACAACACAAACTATAA,AGGGCTATTGAGCCAATAAGTC,CCTCCGACAACACAAACTATAAAGGGCTATTGAGCCAATAAGTCTAATAATAATAATAATATTAAGGCACAAATTAAAGATCTACTTTATAAAGTTACTCATTCTCTTGTCTTTCTGTATTATCATTATAAAAGTGAAAAGATCTGTTGAAGAT,154,TAATAATAATAATAA,(TAA)5,TATTAAGGCACAAATTAAAGATCTACTTTATAAAGTTACTCATTCTCTTGTCTTTCTGTATTATCATT,ATCTTCAACAGATCTTTTCACTTTTAT,ATAAAAGTGAAAAGATCTGTTGAAGAT,AGGGCTATTGAGCCAATAAGTCTAATAATAATAATAATATTAAGGCACAAATTAAAGATCTACTTTATAAAGTTACTCATTCTCTTGTCTTTCTGTATTATCATT,22,27,TAA,3,5,15,154,169
MK780745,MK780745.1.1100.t0,,,ACTCTATAGTCCCCACCAAAAG,ATAGATTACAATAGTCCAAAGCATT,ACTCTATAGTCCCCACCAAAAGATAGATTACAATAGTCCAAAGCATTTTATTATTATTATTATTATTATTTTCTCACTTTCAAAGCATTGCATTTTAAAGAAATATACAATACAATTTTGTTCAATTTTAGGCTTAGGCT,140,TTATTATTATTATTATTATTA,(TTA)7,TTTTCTCACTTTCAAAGCATTGCATTTTAAAGAAATATACAATACAAT,AGCCTAAGCCTAAAATTGAACAAA,TTTGTTCAATTTTAGGCTTAGGCT,ATAGATTACAATAGTCCAAAGCATTTTATTATTATTATTATTATTATTTTCTCACTTTCAAAGCATTGCATTTTAAAGAAATATACAATACAAT,22,24,TTA,3,7,21,139,160
MK780755,MK780755.1.16380.t1,,,TTAGGTCTTCTTGCCACGTC,CTCTATTGGGTCTTTGTCACTTTCCTCTACCAAGGTATGTTCTTTAAT,TTAGGTCTTCTTGCCACGTCCTCTATTGGGTCTTTGTCACTTTCCTCTACCAAGGTATGTTCTTTAATTTATTATTATTATTATTCTTATCAATATTTTGGTTTCTTACAGAGATGGTTCAGGGGTCTATGATTGGTTTCAGAAATGG,148,TTATTATTATTATTA,(TTA)5,TTCTTATCAATATTTTGGTTTCTTACAGAGATGGTTCAGG,CCATTTCTGAAACCAATCATAGACC,GGTCTATGATTGGTTTCAGAAATGG,CTCTATTGGGTCTTTGTCACTTTCCTCTACCAAGGTATGTTCTTTAATTTATTATTATTATTATTCTTATCAATATTTTGGTTTCTTACAGAGATGGTTCAGG,20,25,TTA,3,5,15,868,883
MK780753A,MK780753.1.241.t1,,,TGTTTTCTGATTTGGGTTCCA,GCCCAATTTTCAAAACCCACTTCACTTCCTTTTTTTTTTAATTAATAATAATAAGAAGATATAAATAACTAGTAATTGAACATTATA,TGTTTTCTGATTTGGGTTCCAGCCCAATTTTCAAAACCCACTTCACTTCCTTTTTTTTTTAATTAATAATAATAAGAAGATATAAATAACTAGTAATTGAACATTATAATTATTATTATTATTTCACAATTGGGTTTAGCCCCACTTTTTCCTTCCCAAG,160,ATTATTATTATTATT,(ATT)5,TCACAATTGGGTTTAGCC,CTTGGGAAGGAAAAAGTGG,CCACTTTTTCCTTCCCAAG,GCCCAATTTTCAAAACCCACTTCACTTCCTTTTTTTTTTAATTAATAATAATAAGAAGATATAAATAACTAGTAATTGAACATTATAATTATTATTATTATTTCACAATTGGGTTTAGCC,21,19,ATT,3,5,15,204,219
MK780753B,MK780753.1.676.t0,,,TTATTATTTCACAATTGGGTTTAGC,CCCACTTTTTCCTTCCCAAGCCCGACGACCTTCAGCCCATTATCATCCATTAAAT,TTATTATTTCACAATTGGGTTTAGCCCCACTTTTTCCTTCCCAAGCCCGACGACCTTCAGCCCATTATCATCCATTAAATTTATTATTATTATTATTATTTAAATGTGGCTATGCCACATAGACTCAAGAGATGGTATACCTTCTTCATCTTCCTTGCGTGATATTGCGACCAACACGATTTCCGGCCGTCCCGAACTAGCCGTTGTGACTGTTCGACGCGTCTCCGGTCGAGACCTTGTCGATCCCATCTCACCGCCGACACTGAGCTGAGTCACGGCATC,282,TTATTATTATTATTATTA,(TTA)6,TTTAAATGTGGCTATGCCACATAGACTCAAGAGATGGTATACCTTCTTCATCTTCCTTGCGTGATATTGCGACCAACACGATTTCCGGCCGTCCCGAACTAGCCGTTGTGACTGTTCGACGCGTCTCCGGTCGAGACCTTGTCGATCCCATCTCACCGCCGACACT,GATGCCGTGACTCAGCTC,GAGCTGAGTCACGGCATC,CCCACTTTTTCCTTCCCAAGCCCGACGACCTTCAGCCCATTATCATCCATTAAATTTATTATTATTATTATTATTTAAATGTGGCTATGCCACATAGACTCAAGAGATGGTATACCTTCTTCATCTTCCTTGCGTGATATTGCGACCAACACGATTTCCGGCCGTCCCGAACTAGCCGTTGTGACTGTTCGACGCGTCTCCGGTCGAGACCTTGTCGATCCCATCTCACCGCCGACACT,25,18,TTA,3,6,18,292,310
MK780757,Gap179_MK780757.1.11.t0,,,TCGTATTGTGTAATTTTTGACTGG,ACTAATTTTGGTTTCTTATGATAGGCTGTGGTTTGTTGAAAAGGGTTCATTGATTA,TCGTATTGTGTAATTTTTGACTGGACTAATTTTGGTTTCTTATGATAGGCTGTGGTTTGTTGAAAAGGGTTCATTGATTAAAGAAGAAGAAGAAGAAGAATCATCTGCATGGCTCCTTCGTTTATCTTTTACGTTCTCTCTATAGCAATCTTTTCTCCATT,161,AAGAAGAAGAAGAAGAAG,(AAG)6,AATCATCTGCATGGCTCCTTCGTTTATCTTTTACGTTC,AATGGAGAAAAGATTGCTATAGAGA,TCTCTATAGCAATCTTTTCTCCATT,ACTAATTTTGGTTTCTTATGATAGGCTGTGGTTTGTTGAAAAGGGTTCATTGATTAAAGAAGAAGAAGAAGAAGAATCATCTGCATGGCTCCTTCGTTTATCTTTTACGTTC,24,25,AAG,3,6,18,87,105
MK780754,MK780754.1_Predesigned,,,CCGTGATTGAGCGTTTCATT,GTGACTAGCTGGTTATGCTGATGGAGAAGTAGAGG,CCGTGATTGAGCGTTTCATTGTGACTAGCTGGTTATGCTGATGGAGAAGTAGAGGGAAGAAGAAGAAGAAGAAGAAGAAACTAAACTTCAATTGGGGATTTCAGGGGATTTAGGTTAGTTTATCTCATGTCGTTGTTTAGTTTGGTTGTCG,151,GAAGAAGAAGAAGAAGAAGAAGAA,(GAA)8,ACTAAACTTCAATTGGGGATTTCAGGGGATTTAGGTTAGTTTATCTCATG,CGACAACCAAACTAAACAACGA,TCGTTGTTTAGTTTGGTTGTCG,GTGACTAGCTGGTTATGCTGATGGAGAAGTAGAGGGAAGAAGAAGAAGAAGAAGAAGAAACTAAACTTCAATTGGGGATTTCAGGGGATTTAGGTTAGTTTATCTCATG,20,22,GAA,3,8,24,86,110
MK780749,MK780749.1.17.t0,,,AATGTTTAATACACGTTTATGGGAAT,AAGTCATTCTTTATAGTGTTGTTTAATAGTGTTTAAG,AATGTTTAATACACGTTTATGGGAATAAGTCATTCTTTATAGTGTTGTTTAATAGTGTTTAAGTATTATTATTATTATTATTATTATTTTCTGAATCTTGGATCTGGCATTATTCTTTTTTACTTCTCAAATAATTAATTCTCAGTACACGT,152,TATTATTATTATTATTATTATTAT,(TAT)8,TTTCTGAATCTTGGATCTGGCATTATTCTTTTTTACT,ACGTGTACTGAGAATTAATTATTTGAGA,TCTCAAATAATTAATTCTCAGTACACGT,AAGTCATTCTTTATAGTGTTGTTTAATAGTGTTTAAGTATTATTATTATTATTATTATTATTTTCTGAATCTTGGATCTGGCATTATTCTTTTTTACT,26,28,TAT,3,8,24,104,128
MK780752,MK780752.1.2547.t0,,,CATTTCCATGTCCCACCAT,CGACAAAGAGTTACTATCCAAATCCCAAAACCAACCTGAAAGCTCCATTTCATCTTCTCGTAATAATAGTAATAC,CATTTCCATGTCCCACCATCGACAAAGAGTTACTATCCAAATCCCAAAACCAACCTGAAAGCTCCATTTCATCTTCTCGTAATAATAGTAATACTAATAATAATAATAATAATTTAACAACAATAACTTCAGAATCAACCCGCAGCTGCTGTAGTA,156,TAATAATAGTAATACTAATAATAATAATAATAA,(TAA)6,TTTAACAACAATAACTTCAGAATCAAC,TACTACAGCAGCTGCGG,CCGCAGCTGCTGTAGTA,CGACAAAGAGTTACTATCCAAATCCCAAAACCAACCTGAAAGCTCCATTTCATCTTCTCGTAATAATAGTAATACTAATAATAATAATAATAATTTAACAACAATAACTTCAGAATCAAC,19,17,TAA,3,6,18,472,490
MK780748,MK780748.1_Predesigned,,,AATAGGTGTCTTACCCAACCTG,,AATAGGTGTCTTACCCAACCTGTATATATATATATATATATATAGCTGAGGTTATCATTGCTATGGCATCAAGGAAAGGTTAAGGACAAATCCCCGATTTTCCTTGTGATCGCTAATCGGGT,122,TATATATATATATATATATATA,(TA)11,GCTGAGGTTATCATTGCTATGGCATCAAGGAAAGGTTAAGGACAAATCCCCGATTTTC,ACCCGATTAGCGATCACAAG,CTTGTGATCGCTAATCGGGT,TATATATATATATATATATATAGCTGAGGTTATCATTGCTATGGCATCAAGGAAAGGTTAAGGACAAATCCCCGATTTTC,22,20,TA,2,11,22,808,830
MK780750,MK780750.1.11502.t1,,,CTTGCCAATCTTAGGAAGATTCT,GGCTTCTCCAAATACCAATGTGATTCATATAAACAAAGATGCTAATAAAAG,CTTGCCAATCTTAGGAAGATTCTGGCTTCTCCAAATACCAATGTGATTCATATAAACAAAGATGCTAATAAAAGATTATTATTATTATTATTATTTTGGTATTGGGAGATAAAGACCCATTCTATGTTGCTCACTTTGTTGGTA,144,ATTATTATTATTATTATTATT,(ATT)7,TTGGTATTGGGAGATAAAGACCCATT,TACCAACAAAGTGAGCAACATAG,CTATGTTGCTCACTTTGTTGGTA,GGCTTCTCCAAATACCAATGTGATTCATATAAACAAAGATGCTAATAAAAGATTATTATTATTATTATTATTTTGGTATTGGGAGATAAAGACCCATT,23,23,ATT,3,7,21,539,560
,,,,,,,,,,,,,,0,,,,,,,
,,,,,,,,,,,,,,0,,,,,,,
,,,,,,,,,,,,,,0,,,,,,,
,,,,,,,,,,,,,,0,,,,,,,
,,,,,,,,,,,,,,0,,,,,,,
,,,,,,,,,,,,,,0,,,,,,,
,,,,,,,,,,,,,,0,,,,,,,
,,,,,,,,,,,,,,0,,,,,,,
,,,,,,,,,,,,,,0,,,,,,,
,,,,,,,,,,,,,,0,,,,,,,
,,,,,,,,,,,,,,0,,,,,,,
,,,,,,,,,,,,,,0,,,,,,,
,,,,,,,,,,,,,,0,,,,,,,
,,,,,,,,,,,,,,0,,,,,,,
,,,,,,,,,,,,,,0,,,,,,,
,,,,,,,,,,,,,,0,,,,,,,
,,,,,,,,,,,,,,0,,,,,,,
,,,,,,,,,,,,,,0,,,,,,,
,,,,,,,,,,,,,,0,,,,,,,
,,,,,,,,,,,,,,0,,,,,,,
,,,,,,,,,,,,,,0,,,,,,,
,,,,,,,,,,,,,,0,,,,,,,
,,,,,,,,,,,,,,0,,,,,,,
,,,,,,,,,,,,,,0,,,,,,,
,,,,,,,,,,,,,,0,,,,,,,
,,,,,,,,,,,,,,0,,,,,,,
,,,,,,,,,,,,,,0,,,,,,,
,,,,,,,,,,,,,,0,,,,,,,
,,,,,,,,,,,,,,0,,,,,,,
,,,,,,,,,,,,,,0,,,,,,,
,,,,,,,,,,,,,,0,,,,,,,
,,,,,,,,,,,,,,0,,,,,,,
,,,,,,,,,,,,,,0,,,,,,,
,,,,,,,,,,,,,,0,,,,,,,
,,,,,,,,,,,,,,0,,,,,,,
,,,,,,,,,,,,,,0,,,,,,,
,,,,,,,,,,,,,,0,,,,,,,
,,,,,,,,,,,,,,0,,,,,,,
,,,,,,,,,,,,,,0,,,,,,,
,,,,,,,,,,,,,,0,,,,,,,
,,,,,,,,,,,,,,0,,,,,,,
,,,,,,,,,,,,,,0,,,,,,,
,,,,,,,,,,,,,,0,,,,,,,
,,,,,,,,,,,,,,0,,,,,,,
,,,,,,,,,,,,,,0,,,,,,,
,,,,,,,,,,,,,,0,,,,,,,
,,,,,,,,,,,,,,0,,,,,,,
,,,,,,,,,,,,,,0,,,,,,,
,,,,,,,,,,,,,,0,,,,,,,
,,,,,,,,,,,,,,0,,,,,,,
,,,,,,,,,,,,,,0,,,,,,,
,,,,,,,,,,,,,,0,,,,,,,
,,,,,,,,,,,,,,0,,,,,,,
,,,,,,,,,,,,,,0,,,,,,,
,,,,,,,,,,,,,,0,,,,,,,
,,,,,,,,,,,,,,0,,,,,,,
,,,,,,,,,,,,,,0,,,,,,,
,,,,,,,,,,,,,,0,,,,,,,
,,,,,,,,,,,,,,0,,,,,,,
,,,,,,,,,,,,,,0,,,,,,,
,,,,,,,,,,,,,,0,,,,,,,
,,,,,,,,,,,,,,0,,,,,,,
,,,,,,,,,,,,,,0,,,,,,,
,,,,,,,,,,,,,,0,,,,,,,
,,,,,,,,,,,,,,0,,,,,,,
,,,,,,,,,,,,,,0,,,,,,,
,,,,,,,,,,,,,,0,,,,,,,
,,,,,,,,,,,,,,0,,,,,,,
,,,,,,,,,,,,,,0,,,,,,,
,,,,,,,,,,,,,,0,,,,,,,
,,,,,,,,,,,,,,0,,,,,,,
,,,,,,,,,,,,,,0,,,,,,,
,,,,,,,,,,,,,,0,,,,,,,
,,,,,,,,,,,,,,0,,,,,,,
,,,,,,,,,,,,,,0,,,,,,,
,,,,,,,,,,,,,,0,,,,,,,
,,,,,,,,,,,,,,0,,,,,,,
,,,,,,,,,,,,,,0,,,,,,,
,,,,,,,,,,,,,,0,,,,,,,
,,,,,,,,,,,,,,0,,,,,,,
,,,,,,,,,,,,,,0,,,,,,,
,,,,,,,,,,,,,,0,,,,,,,
,,,,,,,,,,,,,,0,,,,,,,
,,,,,,,,,,,,,,0,,,,,,,
,,,,,,,,,,,,,,0,,,,,,,
,,,,,,,,,,,,,,0,,,,,,,
,,,,,,,,,,,,,,0,,,,,,,
,,,,,,,,,,,,,,0,,,,,,,
,,,,,,,,,,,,,,0,,,,,,,
,,,,,,,,,,,,,,0,,,,,,,
,,,,,,,,,,,,,,0,,,,,,,
,,,,,,,,,,,,,,0,,,,,,,
,,,,,,,,,,,,,,0,,,,,,,
,,,,,,,,,,,,,,0,,,,,,,
,,,,,,,,,,,,,,0,,,,,,,
,,,,,,,,,,,,,,0,,,,,,,
,,,,,,,,,,,,,,0,,,,,,,
,,,,,,,,,,,,,,0,,,,,,,
,,,,,,,,,,,,,,0,,,,,,,
,,,,,,,,,,,,,,0,,,,,,,
,,,,,,,,,,,,,,0,,,,,,,
,,,,,,,,,,,,,,0,,,,,,,
,,,,,,,,,,,,,,0,,,,,,,
,,,,,,,,,,,,,,0,,,,,,,
,,,,,,,,,,,,,,0,,,,,,,
,,,,,,,,,,,,,,0,,,,,,,
,,,,,,,,,,,,,,0,,,,,,,
,,,,,,,,,,,,,,0,,,,,,,
,,,,,,,,,,,,,,0,,,,,,,
,,,,,,,,,,,,,,0,,,,,,,
,,,,,,,,,,,,,,0,,,,,,,
,,,,,,,,,,,,,,0,,,,,,,
,,,,,,,,,,,,,,0,,,,,,,
,,,,,,,,,,,,,,0,,,,,,,
,,,,,,,,,,,,,,0,,,,,,,
,,,,,,,,,,,,,,0,,,,,,,
,,,,,,,,,,,,,,0,,,,,,,
,,,,,,,,,,,,,,0,,,,,,,
,,,,,,,,,,,,,,0,,,,,,,
,,,,,,,,,,,,,,0,,,,,,,
,,,,,,,,,,,,,,0,,,,,,,
,,,,,,,,,,,,,,0,,,,,,,
,,,,,,,,,,,,,,0,,,,,,,
,,,,,,,,,,,,,,0,,,,,,,
,,,,,,,,,,,,,,0,,,,,,,
,,,,,,,,,,,,,,0,,,,,,,
,,,,,,,,,,,,,,0,,,,,,,
,,,,,,,,,,,,,,0,,,,,,,
,,,,,,,,,,,,,,0,,,,,,,
,,,,,,,,,,,,,,0,,,,,,,
,,,,,,,,,,,,,,0,,,,,,,
,,,,,,,,,,,,,,0,,,,,,,
,,,,,,,,,,,,,,0,,,,,,,
,,,,,,,,,,,,,,0,,,,,,,
,,,,,,,,,,,,,,0,,,,,,,
,,,,,,,,,,,,,,0,,,,,,,
,,,,,,,,,,,,,,0,,,,,,,
,,,,,,,,,,,,,,0,,,,,,,
,,,,,,,,,,,,,,0,,,,,,,
,,,,,,,,,,,,,,0,,,,,,,
,,,,,,,,,,,,,,0,,,,,,,
,,,,,,,,,,,,,,0,,,,,,,
,,,,,,,,,,,,,,0,,,,,,,
,,,,,,,,,,,,,,0,,,,,,,
,,,,,,,,,,,,,,0,,,,,,,
,,,,,,,,,,,,,,0,,,,,,,
,,,,,,,,,,,,,,0,,,,,,,
,,,,,,,,,,,,,,0,,,,,,,
,,,,,,,,,,,,,,0,,,,,,,
,,,,,,,,,,,,,,0,,,,,,,
,,,,,,,,,,,,,,0,,,,,,,
,,,,,,,,,,,,,,0,,,,,,,
,,,,,,,,,,,,,,0,,,,,,,
,,,,,,,,,,,,,,0,,,,,,,
,,,,,,,,,,,,,,0,,,,,,,
,,,,,,,,,,,,,,0,,,,,,,
,,,,,,,,,,,,,,0,,,,,,,
,,,,,,,,,,,,,,0,,,,,,,
,,,,,,,,,,,,,,0,,,,,,,
,,,,,,,,,,,,,,0,,,,,,,
,,,,,,,,,,,,,,0,,,,,,,
,,,,,,,,,,,,,,0,,,,,,,
,,,,,,,,,,,,,,0,,,,,,,
,,,,,,,,,,,,,,0,,,,,,,
,,,,,,,,,,,,,,0,,,,,,,
,,,,,,,,,,,,,,0,,,,,,,
,,,,,,,,,,,,,,0,,,,,,,
,,,,,,,,,,,,,,0,,,,,,,
,,,,,,,,,,,,,,0,,,,,,,
,,,,,,,,,,,,,,0,,,,,,,
,,,,,,,,,,,,,,0,,,,,,,
,,,,,,,,,,,,,,0,,,,,,,
,,,,,,,,,,,,,,0,,,,,,,
,,,,,,,,,,,,,,0,,,,,,,
,,,,,,,,,,,,,,0,,,,,,,
,,,,,,,,,,,,,,0,,,,,,,
,,,,,,,,,,,,,,0,,,,,,,
,,,,,,,,,,,,,,0,,,,,,,
,,,,,,,,,,,,,,0,,,,,,,
,,,,,,,,,,,,,,0,,,,,,,
,,,,,,,,,,,,,,0,,,,,,,
,,,,,,,,,,,,,,0,,,,,,,
,,,,,,,,,,,,,,0,,,,,,,
,,,,,,,,,,,,,,0,,,,,,,
,,,,,,,,,,,,,,0,,,,,,,
,,,,,,,,,,,,,,0,,,,,,,
,,,,,,,,,,,,,,0,,,,,,,
,,,,,,,,,,,,,,0,,,,,,,
,,,,,,,,,,,,,,0,,,,,,,
,,,,,,,,,,,,,,0,,,,,,,
,,,,,,,,,,,,,,0,,,,,,,
,,,,,,,,,,,,,,0,,,,,,,
,,,,,,,,,,,,,,0,,,,,,,
,,,,,,,,,,,,,,0,,,,,,,
,,,,,,,,,,,,,,0,,,,,,,
,,,,,,,,,,,,,,0,,,,,,,
,,,,,,,,,,,,,,0,,,,,,,
,,,,,,,,,,,,,,0,,,,,,,
,,,,,,,,,,,,,,0,,,,,,,
,,,,,,,,,,,,,,0,,,,,,,
,,,,,,,,,,,,,,0,,,,,,,
,,,,,,,,,,,,,,0,,,,,,,
,,,,,,,,,,,,,,0,,,,,,,
,,,,,,,,,,,,,,0,,,,,,,
,,,,,,,,,,,,,,0,,,,,,,
,,,,,,,,,,,,,,0,,,,,,,
,,,,,,,,,,,,,,0,,,,,,,
,,,,,,,,,,,,,,0,,,,,,,
,,,,,,,,,,,,,,0,,,,,,,
,,,,,,,,,,,,,,0,,,,,,,
,,,,,,,,,,,,,,0,,,,,,,
,,,,,,,,,,,,,,0,,,,,,,
,,,,,,,,,,,,,,0,,,,,,,
,,,,,,,,,,,,,,0,,,,,,,
,,,,,,,,,,,,,,0,,,,,,,
,,,,,,,,,,,,,,0,,,,,,,
,,,,,,,,,,,,,,0,,,,,,,
,,,,,,,,,,,,,,0,,,,,,,
,,,,,,,,,,,,,,0,,,,,,,
,,,,,,,,,,,,,,0,,,,,,,
,,,,,,,,,,,,,,0,,,,,,,
,,,,,,,,,,,,,,0,,,,,,,
,,,,,,,,,,,,,,0,,,,,,,
,,,,,,,,,,,,,,0,,,,,,,
,,,,,,,,,,,,,,0,,,,,,,
,,,,,,,,,,,,,,0,,,,,,,
,,,,,,,,,,,,,,0,,,,,,,
,,,,,,,,,,,,,,0,,,,,,,
,,,,,,,,,,,,,,0,,,,,,,
,,,,,,,,,,,,,,0,,,,,,,
,,,,,,,,,,,,,,0,,,,,,,
,,,,,,,,,,,,,,0,,,,,,,
,,,,,,,,,,,,,,0,,,,,,,
,,,,,,,,,,,,,,0,,,,,,,
,,,,,,,,,,,,,,0,,,,,,,
,,,,,,,,,,,,,,0,,,,,,,
,,,,,,,,,,,,,,0,,,,,,,
,,,,,,,,,,,,,,0,,,,,,,
,,,,,,,,,,,,,,0,,,,,,,
,,,,,,,,,,,,,,0,,,,,,,
,,,,,,,,,,,,,,0,,,,,,,
,,,,,,,,,,,,,,0,,,,,,,
,,,,,,,,,,,,,,0,,,,,,,
,,,,,,,,,,,,,,0,,,,,,,
,,,,,,,,,,,,,,0,,,,,,,
,,,,,,,,,,,,,,0,,,,,,,
,,,,,,,,,,,,,,0,,,,,,,
,,,,,,,,,,,,,,0,,,,,,,
,,,,,,,,,,,,,,0,,,,,,,
,,,,,,,,,,,,,,0,,,,,,,
,,,,,,,,,,,,,,0,,,,,,,
,,,,,,,,,,,,,,0,,,,,,,
,,,,,,,,,,,,,,0,,,,,,,
,,,,,,,,,,,,,,0,,,,,,,
,,,,,,,,,,,,,,0,,,,,,,
,,,,,,,,,,,,,,0,,,,,,,
,,,,,,,,,,,,,,0,,,,,,,
,,,,,,,,,,,,,,0,,,,,,,
,,,,,,,,,,,,,,0,,,,,,,
,,,,,,,,,,,,,,0,,,,,,,
,,,,,,,,,,,,,,0,,,,,,,
,,,,,,,,,,,,,,0,,,,,,,
,,,,,,,,,,,,,,0,,,,,,,
,,,,,,,,,,,,,,0,,,,,,,
,,,,,,,,,,,,,,0,,,,,,,
,,,,,,,,,,,,,,0,,,,,,,
,,,,,,,,,,,,,,0,,,,,,,
,,,,,,,,,,,,,,0,,,,,,,
,,,,,,,,,,,,,,0,,,,,,,
,,,,,,,,,,,,,,0,,,,,,,
,,,,,,,,,,,,,,0,,,,,,,
,,,,,,,,,,,,,,0,,,,,,,
,,,,,,,,,,,,,,0,,,,,,,
,,,,,,,,,,,,,,0,,,,,,,
,,,,,,,,,,,,,,0,,,,,,,
,,,,,,,,,,,,,,0,,,,,,,
,,,,,,,,,,,,,,0,,,,,,,
,,,,,,,,,,,,,,0,,,,,,,
,,,,,,,,,,,,,,0,,,,,,,
,,,,,,,,,,,,,,0,,,,,,,
,,,,,,,,,,,,,,0,,,,,,,
,,,,,,,,,,,,,,0,,,,,,,
,,,,,,,,,,,,,,0,,,,,,,
,,,,,,,,,,,,,,0,,,,,,,
,,,,,,,,,,,,,,0,,,,,,,
,,,,,,,,,,,,,,0,,,,,,,
,,,,,,,,,,,,,,0,,,,,,,
,,,,,,,,,,,,,,0,,,,,,,
,,,,,,,,,,,,,,0,,,,,,,
,,,,,,,,,,,,,,0,,,,,,,
,,,,,,,,,,,,,,0,,,,,,,
,,,,,,,,,,,,,,0,,,,,,,
,,,,,,,,,,,,,,0,,,,,,,
,,,,,,,,,,,,,,0,,,,,,,
,,,,,,,,,,,,,,0,,,,,,,
,,,,,,,,,,,,,,0,,,,,,,
,,,,,,,,,,,,,,0,,,,,,,
,,,,,,,,,,,,,,0,,,,,,,
,,,,,,,,,,,,,,0,,,,,,,
,,,,,,,,,,,,,,0,,,,,,,
,,,,,,,,,,,,,,0,,,,,,,
,,,,,,,,,,,,,,0,,,,,,,
,,,,,,,,,,,,,,0,,,,,,,
,,,,,,,,,,,,,,0,,,,,,,
,,,,,,,,,,,,,,0,,,,,,,
,,,,,,,,,,,,,,0,,,,,,,
,,,,,,,,,,,,,,0,,,,,,,
,,,,,,,,,,,,,,0,,,,,,,
,,,,,,,,,,,,,,0,,,,,,,
,,,,,,,,,,,,,,0,,,,,,,
,,,,,,,,,,,,,,0,,,,,,,
,,,,,,,,,,,,,,0,,,,,,,
,,,,,,,,,,,,,,0,,,,,,,
,,,,,,,,,,,,,,0,,,,,,,
,,,,,,,,,,,,,,0,,,,,,,
,,,,,,,,,,,,,,0,,,,,,,
,,,,,,,,,,,,,,0,,,,,,,
,,,,,,,,,,,,,,0,,,,,,,
,,,,,,,,,,,,,,0,,,,,,,
,,,,,,,,,,,,,,0,,,,,,,
,,,,,,,,,,,,,,0,,,,,,,
,,,,,,,,,,,,,,0,,,,,,,
,,,,,,,,,,,,,,0,,,,,,,
,,,,,,,,,,,,,,0,,,,,,,
,,,,,,,,,,,,,,0,,,,,,,
,,,,,,,,,,,,,,0,,,,,,,
,,,,,,,,,,,,,,0,,,,,,,
,,,,,,,,,,,,,,0,,,,,,,
,,,,,,,,,,,,,,0,,,,,,,
,,,,,,,,,,,,,,0,,,,,,,
,,,,,,,,,,,,,,0,,,,,,,
,,,,,,,,,,,,,,0,,,,,,,
,,,,,,,,,,,,,,0,,,,,,,
,,,,,,,,,,,,,,0,,,,,,,
,,,,,,,,,,,,,,0,,,,,,,
,,,,,,,,,,,,,,0,,,,,,,
,,,,,,,,,,,,,,0,,,,,,,
,,,,,,,,,,,,,,0,,,,,,,
,,,,,,,,,,,,,,0,,,,,,,
,,,,,,,,,,,,,,0,,,,,,,
,,,,,,,,,,,,,,0,,,,,,,
,,,,,,,,,,,,,,0,,,,,,,
,,,,,,,,,,,,,,0,,,,,,,
,,,,,,,,,,,,,,0,,,,,,,
,,,,,,,,,,,,,,0,,,,,,,
,,,,,,,,,,,,,,0,,,,,,,
,,,,,,,,,,,,,,0,,,,,,,
,,,,,,,,,,,,,,0,,,,,,,
,,,,,,,,,,,,,,0,,,,,,,
,,,,,,,,,,,,,,0,,,,,,,
,,,,,,,,,,,,,,0,,,,,,,
,,,,,,,,,,,,,,0,,,,,,,
,,,,,,,,,,,,,,0,,,,,,,
,,,,,,,,,,,,,,0,,,,,,,
,,,,,,,,,,,,,,0,,,,,,,
,,,,,,,,,,,,,,0,,,,,,,
,,,,,,,,,,,,,,0,,,,,,,
,,,,,,,,,,,,,,0,,,,,,,
,,,,,,,,,,,,,,0,,,,,,,
,,,,,,,,,,,,,,0,,,,,,,
,,,,,,,,,,,,,,0,,,,,,,
,,,,,,,,,,,,,,0,,,,,,,
,,,,,,,,,,,,,,0,,,,,,,
,,,,,,,,,,,,,,0,,,,,,,
,,,,,,,,,,,,,,0,,,,,,,
,,,,,,,,,,,,,,0,,,,,,,
,,,,,,,,,,,,,,0,,,,,,,
,,,,,,,,,,,,,,0,,,,,,,
,,,,,,,,,,,,,,0,,,,,,,
,,,,,,,,,,,,,,0,,,,,,,
,,,,,,,,,,,,,,0,,,,,,,
,,,,,,,,,,,,,,0,,,,,,,
,,,,,,,,,,,,,,0,,,,,,,
,,,,,,,,,,,,,,0,,,,,,,
,,,,,,,,,,,,,,0,,,,,,,
,,,,,,,,,,,,,,0,,,,,,,
,,,,,,,,,,,,,,0,,,,,,,
,,,,,,,,,,,,,,0,,,,,,,
,,,,,,,,,,,,,,0,,,,,,,
,,,,,,,,,,,,,,0,,,,,,,
,,,,,,,,,,,,,,0,,,,,,,
,,,,,,,,,,,,,,0,,,,,,,
,,,,,,,,,,,,,,0,,,,,,,
,,,,,,,,,,,,,,0,,,,,,,
,,,,,,,,,,,,,,0,,,,,,,
,,,,,,,,,,,,,,0,,,,,,,
,,,,,,,,,,,,,,0,,,,,,,
,,,,,,,,,,,,,,0,,,,,,,
,,,,,,,,,,,,,,0,,,,,,,
,,,,,,,,,,,,,,0,,,,,,,
,,,,,,,,,,,,,,0,,,,,,,
,,,,,,,,,,,,,,0,,,,,,,
,,,,,,,,,,,,,,0,,,,,,,
,,,,,,,,,,,,,,0,,,,,,,
,,,,,,,,,,,,,,0,,,,,,,
,,,,,,,,,,,,,,0,,,,,,,
,,,,,,,,,,,,,,0,,,,,,,
,,,,,,,,,,,,,,0,,,,,,,
,,,,,,,,,,,,,,0,,,,,,,
,,,,,,,,,,,,,,0,,,,,,,
,,,,,,,,,,,,,,0,,,,,,,
,,,,,,,,,,,,,,0,,,,,,,
,,,,,,,,,,,,,,0,,,,,,,
,,,,,,,,,,,,,,0,,,,,,,
,,,,,,,,,,,,,,0,,,,,,,
,,,,,,,,,,,,,,0,,,,,,,
,,,,,,,,,,,,,,0,,,,,,,
,,,,,,,,,,,,,,0,,,,,,,
,,,,,,,,,,,,,,0,,,,,,,
,,,,,,,,,,,,,,0,,,,,,,
,,,,,,,,,,,,,,0,,,,,,,
,,,,,,,,,,,,,,0,,,,,,,
,,,,,,,,,,,,,,0,,,,,,,
,,,,,,,,,,,,,,0,,,,,,,
,,,,,,,,,,,,,,0,,,,,,,
,,,,,,,,,,,,,,0,,,,,,,
,,,,,,,,,,,,,,0,,,,,,,
,,,,,,,,,,,,,,0,,,,,,,
,,,,,,,,,,,,,,0,,,,,,,
,,,,,,,,,,,,,,0,,,,,,,
,,,,,,,,,,,,,,0,,,,,,,
,,,,,,,,,,,,,,0,,,,,,,
,,,,,,,,,,,,,,0,,,,,,,
,,,,,,,,,,,,,,0,,,,,,,
,,,,,,,,,,,,,,0,,,,,,,
,,,,,,,,,,,,,,0,,,,,,,
,,,,,,,,,,,,,,0,,,,,,,
,,,,,,,,,,,,,,0,,,,,,,
,,,,,,,,,,,,,,0,,,,,,,
,,,,,,,,,,,,,,0,,,,,,,
,,,,,,,,,,,,,,0,,,,,,,
,,,,,,,,,,,,,,0,,,,,,,
,,,,,,,,,,,,,,0,,,,,,,
,,,,,,,,,,,,,,0,,,,,,,
,,,,,,,,,,,,,,0,,,,,,,
,,,,,,,,,,,,,,0,,,,,,,
,,,,,,,,,,,,,,0,,,,,,,
,,,,,,,,,,,,,,0,,,,,,,
,,,,,,,,,,,,,,0,,,,,,,
,,,,,,,,,,,,,,0,,,,,,,
,,,,,,,,,,,,,,0,,,,,,,
,,,,,,,,,,,,,,0,,,,,,,
,,,,,,,,,,,,,,0,,,,,,,
,,,,,,,,,,,,,,0,,,,,,,
,,,,,,,,,,,,,,0,,,,,,,
,,,,,,,,,,,,,,0,,,,,,,
,,,,,,,,,,,,,,0,,,,,,,
,,,,,,,,,,,,,,0,,,,,,,
,,,,,,,,,,,,,,0,,,,,,,
,,,,,,,,,,,,,,0,,,,,,,
,,,,,,,,,,,,,,0,,,,,,,
,,,,,,,,,,,,,,0,,,,,,,
,,,,,,,,,,,,,,0,,,,,,,
,,,,,,,,,,,,,,0,,,,,,,
,,,,,,,,,,,,,,0,,,,,,,
,,,,,,,,,,,,,,0,,,,,,,
,,,,,,,,,,,,,,0,,,,,,,
,,,,,,,,,,,,,,0,,,,,,,
,,,,,,,,,,,,,,0,,,,,,,
,,,,,,,,,,,,,,0,,,,,,,
,,,,,,,,,,,,,,0,,,,,,,
,,,,,,,,,,,,,,0,,,,,,,
,,,,,,,,,,,,,,0,,,,,,,
,,,,,,,,,,,,,,0,,,,,,,
,,,,,,,,,,,,,,0,,,,,,,
,,,,,,,,,,,,,,0,,,,,,,
,,,,,,,,,,,,,,0,,,,,,,
,,,,,,,,,,,,,,0,,,,,,,
,,,,,,,,,,,,,,0,,,,,,,
,,,,,,,,,,,,,,0,,,,,,,
,,,,,,,,,,,,,,0,,,,,,,
,,,,,,,,,,,,,,0,,,,,,,
,,,,,,,,,,,,,,0,,,,,,,
,,,,,,,,,,,,,,0,,,,,,,
,,,,,,,,,,,,,,0,,,,,,,
,,,,,,,,,,,,,,0,,,,,,,
,,,,,,,,,,,,,,0,,,,,,,
,,,,,,,,,,,,,,0,,,,,,,
,,,,,,,,,,,,,,0,,,,,,,
,,,,,,,,,,,,,,0,,,,,,,
,,,,,,,,,,,,,,0,,,,,,,
,,,,,,,,,,,,,,0,,,,,,,
,,,,,,,,,,,,,,0,,,,,,,
,,,,,,,,,,,,,,0,,,,,,,
,,,,,,,,,,,,,,0,,,,,,,
,,,,,,,,,,,,,,0,,,,,,,
,,,,,,,,,,,,,,0,,,,,,,
,,,,,,,,,,,,,,0,,,,,,,
,,,,,,,,,,,,,,0,,,,,,,
,,,,,,,,,,,,,,0,,,,,,,
,,,,,,,,,,,,,,0,,,,,,,
,,,,,,,,,,,,,,0,,,,,,,
,,,,,,,,,,,,,,0,,,,,,,
,,,,,,,,,,,,,,0,,,,,,,
,,,,,,,,,,,,,,0,,,,,,,
,,,,,,,,,,,,,,0,,,,,,,
,,,,,,,,,,,,,,0,,,,,,,
,,,,,,,,,,,,,,0,,,,,,,
,,,,,,,,,,,,,,0,,,,,,,
,,,,,,,,,,,,,,0,,,,,,,
,,,,,,,,,,,,,,0,,,,,,,
,,,,,,,,,,,,,,0,,,,,,,
,,,,,,,,,,,,,,0,,,,,,,
,,,,,,,,,,,,,,0,,,,,,,
,,,,,,,,,,,,,,0,,,,,,,
,,,,,,,,,,,,,,0,,,,,,,
,,,,,,,,,,,,,,0,,,,,,,
,,,,,,,,,,,,,,0,,,,,,,
,,,,,,,,,,,,,,0,,,,,,,
,,,,,,,,,,,,,,0,,,,,,,
,,,,,,,,,,,,,,0,,,,,,,
,,,,,,,,,,,,,,0,,,,,,,
,,,,,,,,,,,,,,0,,,,,,,
,,,,,,,,,,,,,,0,,,,,,,
,,,,,,,,,,,,,,0,,,,,,,
,,,,,,,,,,,,,,0,,,,,,,
,,,,,,,,,,,,,,0,,,,,,,
,,,,,,,,,,,,,,0,,,,,,,
,,,,,,,,,,,,,,0,,,,,,,
,,,,,,,,,,,,,,0,,,,,,,
,,,,,,,,,,,,,,0,,,,,,,
,,,,,,,,,,,,,,0,,,,,,,
,,,,,,,,,,,,,,0,,,,,,,
,,,,,,,,,,,,,,0,,,,,,,
,,,,,,,,,,,,,,0,,,,,,,
,,,,,,,,,,,,,,0,,,,,,,
,,,,,,,,,,,,,,0,,,,,,,
,,,,,,,,,,,,,,0,,,,,,,
,,,,,,,,,,,,,,0,,,,,,,
,,,,,,,,,,,,,,0,,,,,,,
,,,,,,,,,,,,,,0,,,,,,,
,,,,,,,,,,,,,,0,,,,,,,
,,,,,,,,,,,,,,0,,,,,,,
,,,,,,,,,,,,,,0,,,,,,,
,,,,,,,,,,,,,,0,,,,,,,
,,,,,,,,,,,,,,0,,,,,,,
,,,,,,,,,,,,,,0,,,,,,,
,,,,,,,,,,,,,,0,,,,,,,
,,,,,,,,,,,,,,0,,,,,,,
,,,,,,,,,,,,,,0,,,,,,,
,,,,,,,,,,,,,,0,,,,,,,
,,,,,,,,,,,,,,0,,,,,,,
,,,,,,,,,,,,,,0,,,,,,,
,,,,,,,,,,,,,,0,,,,,,,
,,,,,,,,,,,,,,0,,,,,,,
,,,,,,,,,,,,,,0,,,,,,,
,,,,,,,,,,,,,,0,,,,,,,
,,,,,,,,,,,,,,0,,,,,,,
,,,,,,,,,,,,,,0,,,,,,,
,,,,,,,,,,,,,,0,,,,,,,
,,,,,,,,,,,,,,0,,,,,,,
,,,,,,,,,,,,,,0,,,,,,,
,,,,,,,,,,,,,,0,,,,,,,
,,,,,,,,,,,,,,0,,,,,,,
,,,,,,,,,,,,,,0,,,,,,,
,,,,,,,,,,,,,,0,,,,,,,
,,,,,,,,,,,,,,0,,,,,,,
,,,,,,,,,,,,,,0,,,,,,,
,,,,,,,,,,,,,,0,,,,,,,
,,,,,,,,,,,,,,0,,,,,,,
,,,,,,,,,,,,,,0,,,,,,,
,,,,,,,,,,,,,,0,,,,,,,
,,,,,,,,,,,,,,0,,,,,,,
,,,,,,,,,,,,,,0,,,,,,,
,,,,,,,,,,,,,,0,,,,,,,
,,,,,,,,,,,,,,0,,,,,,,
,,,,,,,,,,,,,,0,,,,,,,
,,,,,,,,,,,,,,0,,,,,,,
,,,,,,,,,,,,,,0,,,,,,,
,,,,,,,,,,,,,,0,,,,,,,
,,,,,,,,,,,,,,0,,,,,,,
,,,,,,,,,,,,,,0,,,,,,,
,,,,,,,,,,,,,,0,,,,,,,
,,,,,,,,,,,,,,0,,,,,,,
,,,,,,,,,,,,,,0,,,,,,,
,,,,,,,,,,,,,,0,,,,,,,
,,,,,,,,,,,,,,0,,,,,,,
,,,,,,,,,,,,,,0,,,,,,,
,,,,,,,,,,,,,,0,,,,,,,
,,,,,,,,,,,,,,0,,,,,,,
,,,,,,,,,,,,,,0,,,,,,,
,,,,,,,,,,,,,,0,,,,,,,
,,,,,,,,,,,,,,0,,,,,,,
,,,,,,,,,,,,,,0,,,,,,,
,,,,,,,,,,,,,,0,,,,,,,
,,,,,,,,,,,,,,0,,,,,,,
,,,,,,,,,,,,,,0,,,,,,,
,,,,,,,,,,,,,,0,,,,,,,
,,,,,,,,,,,,,,0,,,,,,,
,,,,,,,,,,,,,,0,,,,,,,
,,,,,,,,,,,,,,0,,,,,,,
,,,,,,,,,,,,,,0,,,,,,,
,,,,,,,,,,,,,,0,,,,,,,
,,,,,,,,,,,,,,0,,,,,,,
,,,,,,,,,,,,,,0,,,,,,,
,,,,,,,,,,,,,,0,,,,,,,
,,,,,,,,,,,,,,0,,,,,,,
,,,,,,,,,,,,,,0,,,,,,,
,,,,,,,,,,,,,,0,,,,,,,
,,,,,,,,,,,,,,0,,,,,,,
,,,,,,,,,,,,,,0,,,,,,,
,,,,,,,,,,,,,,0,,,,,,,
,,,,,,,,,,,,,,0,,,,,,,
,,,,,,,,,,,,,,0,,,,,,,
,,,,,,,,,,,,,,0,,,,,,,
,,,,,,,,,,,,,,0,,,,,,,
,,,,,,,,,,,,,,0,,,,,,,
,,,,,,,,,,,,,,0,,,,,,,
,,,,,,,,,,,,,,0,,,,,,,
,,,,,,,,,,,,,,0,,,,,,,
,,,,,,,,,,,,,,0,,,,,,,
,,,,,,,,,,,,,,0,,,,,,,
,,,,,,,,,,,,,,0,,,,,,,
,,,,,,,,,,,,,,0,,,,,,,
,,,,,,,,,,,,,,0,,,,,,,
,,,,,,,,,,,,,,0,,,,,,,
,,,,,,,,,,,,,,0,,,,,,,
,,,,,,,,,,,,,,0,,,,,,,
,,,,,,,,,,,,,,0,,,,,,,
,,,,,,,,,,,,,,0,,,,,,,
,,,,,,,,,,,,,,0,,,,,,,
,,,,,,,,,,,,,,0,,,,,,,
,,,,,,,,,,,,,,0,,,,,,,
,,,,,,,,,,,,,,0,,,,,,,
,,,,,,,,,,,,,,0,,,,,,,
,,,,,,,,,,,,,,0,,,,,,,
,,,,,,,,,,,,,,0,,,,,,,
,,,,,,,,,,,,,,0,,,,,,,
,,,,,,,,,,,,,,0,,,,,,,
,,,,,,,,,,,,,,0,,,,,,,
,,,,,,,,,,,,,,0,,,,,,,
,,,,,,,,,,,,,,0,,,,,,,
,,,,,,,,,,,,,,0,,,,,,,
,,,,,,,,,,,,,,0,,,,,,,
,,,,,,,,,,,,,,0,,,,,,,
,,,,,,,,,,,,,,0,,,,,,,
,,,,,,,,,,,,,,0,,,,,,,
,,,,,,,,,,,,,,0,,,,,,,
,,,,,,,,,,,,,,0,,,,,,,
,,,,,,,,,,,,,,0,,,,,,,
,,,,,,,,,,,,,,0,,,,,,,
,,,,,,,,,,,,,,0,,,,,,,
,,,,,,,,,,,,,,0,,,,,,,
,,,,,,,,,,,,,,0,,,,,,,
,,,,,,,,,,,,,,0,,,,,,,
,,,,,,,,,,,,,,0,,,,,,,
,,,,,,,,,,,,,,0,,,,,,,
,,,,,,,,,,,,,,0,,,,,,,
,,,,,,,,,,,,,,0,,,,,,,
,,,,,,,,,,,,,,0,,,,,,,
,,,,,,,,,,,,,,0,,,,,,,
,,,,,,,,,,,,,,0,,,,,,,
,,,,,,,,,,,,,,0,,,,,,,
,,,,,,,,,,,,,,0,,,,,,,
,,,,,,,,,,,,,,0,,,,,,,
,,,,,,,,,,,,,,0,,,,,,,
,,,,,,,,,,,,,,0,,,,,,,
,,,,,,,,,,,,,,0,,,,,,,
,,,,,,,,,,,,,,0,,,,,,,
,,,,,,,,,,,,,,0,,,,,,,
,,,,,,,,,,,,,,0,,,,,,,
,,,,,,,,,,,,,,0,,,,,,,
,,,,,,,,,,,,,,0,,,,,,,
,,,,,,,,,,,,,,0,,,,,,,
,,,,,,,,,,,,,,0,,,,,,,
,,,,,,,,,,,,,,0,,,,,,,
,,,,,,,,,,,,,,0,,,,,,,
,,,,,,,,,,,,,,0,,,,,,,
,,,,,,,,,,,,,,0,,,,,,,
,,,,,,,,,,,,,,0,,,,,,,
,,,,,,,,,,,,,,0,,,,,,,
,,,,,,,,,,,,,,0,,,,,,,
,,,,,,,,,,,,,,0,,,,,,,
,,,,,,,,,,,,,,0,,,,,,,
,,,,,,,,,,,,,,0,,,,,,,
,,,,,,,,,,,,,,0,,,,,,,
,,,,,,,,,,,,,,0,,,,,,,
,,,,,,,,,,,,,,0,,,,,,,
,,,,,,,,,,,,,,0,,,,,,,
,,,,,,,,,,,,,,0,,,,,,,
,,,,,,,,,,,,,,0,,,,,,,
,,,,,,,,,,,,,,0,,,,,,,
,,,,,,,,,,,,,,0,,,,,,,
,,,,,,,,,,,,,,0,,,,,,,
,,,,,,,,,,,,,,0,,,,,,,
,,,,,,,,,,,,,,0,,,,,,,
,,,,,,,,,,,,,,0,,,,,,,
,,,,,,,,,,,,,,0,,,,,,,
,,,,,,,,,,,,,,0,,,,,,,
,,,,,,,,,,,,,,0,,,,,,,
,,,,,,,,,,,,,,0,,,,,,,
,,,,,,,,,,,,,,0,,,,,,,
,,,,,,,,,,,,,,0,,,,,,,
,,,,,,,,,,,,,,0,,,,,,,
,,,,,,,,,,,,,,0,,,,,,,
,,,,,,,,,,,,,,0,,,,,,,
,,,,,,,,,,,,,,0,,,,,,,
,,,,,,,,,,,,,,0,,,,,,,
,,,,,,,,,,,,,,0,,,,,,,
,,,,,,,,,,,,,,0,,,,,,,
,,,,,,,,,,,,,,0,,,,,,,
,,,,,,,,,,,,,,0,,,,,,,
,,,,,,,,,,,,,,0,,,,,,,
,,,,,,,,,,,,,,0,,,,,,,
,,,,,,,,,,,,,,0,,,,,,,
,,,,,,,,,,,,,,0,,,,,,,
,,,,,,,,,,,,,,0,,,,,,,
,,,,,,,,,,,,,,0,,,,,,,
,,,,,,,,,,,,,,0,,,,,,,
,,,,,,,,,,,,,,0,,,,,,,
,,,,,,,,,,,,,,0,,,,,,,
,,,,,,,,,,,,,,0,,,,,,,
,,,,,,,,,,,,,,0,,,,,,,
,,,,,,,,,,,,,,0,,,,,,,
,,,,,,,,,,,,,,0,,,,,,,
,,,,,,,,,,,,,,0,,,,,,,
,,,,,,,,,,,,,,0,,,,,,,
,,,,,,,,,,,,,,0,,,,,,,
,,,,,,,,,,,,,,0,,,,,,,
,,,,,,,,,,,,,,0,,,,,,,
,,,,,,,,,,,,,,0,,,,,,,
,,,,,,,,,,,,,,0,,,,,,,
,,,,,,,,,,,,,,0,,,,,,,
,,,,,,,,,,,,,,0,,,,,,,
,,,,,,,,,,,,,,0,,,,,,,
,,,,,,,,,,,,,,0,,,,,,,
,,,,,,,,,,,,,,0,,,,,,,
,,,,,,,,,,,,,,0,,,,,,,
,,,,,,,,,,,,,,0,,,,,,,
,,,,,,,,,,,,,,0,,,,,,,
,,,,,,,,,,,,,,0,,,,,,,
,,,,,,,,,,,,,,0,,,,,,,
,,,,,,,,,,,,,,0,,,,,,,
,,,,,,,,,,,,,,0,,,,,,,
,,,,,,,,,,,,,,0,,,,,,,
,,,,,,,,,,,,,,0,,,,,,,
,,,,,,,,,,,,,,0,,,,,,,
,,,,,,,,,,,,,,0,,,,,,,
,,,,,,,,,,,,,,0,,,,,,,
,,,,,,,,,,,,,,0,,,,,,,
,,,,,,,,,,,,,,0,,,,,,,
,,,,,,,,,,,,,,0,,,,,,,
,,,,,,,,,,,,,,0,,,,,,,
,,,,,,,,,,,,,,0,,,,,,,
,,,,,,,,,,,,,,0,,,,,,,
,,,,,,,,,,,,,,0,,,,,,,
,,,,,,,,,,,,,,0,,,,,,,
,,,,,,,,,,,,,,0,,,,,,,
,,,,,,,,,,,,,,0,,,,,,,
,,,,,,,,,,,,,,0,,,,,,,
,,,,,,,,,,,,,,0,,,,,,,
,,,,,,,,,,,,,,0,,,,,,,
,,,,,,,,,,,,,,0,,,,,,,
,,,,,,,,,,,,,,0,,,,,,,
,,,,,,,,,,,,,,0,,,,,,,
,,,,,,,,,,,,,,0,,,,,,,
,,,,,,,,,,,,,,0,,,,,,,
,,,,,,,,,,,,,,0,,,,,,,
,,,,,,,,,,,,,,0,,,,,,,
,,,,,,,,,,,,,,0,,,,,,,
,,,,,,,,,,,,,,0,,,,,,,
,,,,,,,,,,,,,,0,,,,,,,
,,,,,,,,,,,,,,0,,,,,,,
,,,,,,,,,,,,,,0,,,,,,,
,,,,,,,,,,,,,,0,,,,,,,
,,,,,,,,,,,,,,0,,,,,,,
,,,,,,,,,,,,,,0,,,,,,,
,,,,,,,,,,,,,,0,,,,,,,
,,,,,,,,,,,,,,0,,,,,,,
,,,,,,,,,,,,,,0,,,,,,,
,,,,,,,,,,,,,,0,,,,,,,
,,,,,,,,,,,,,,0,,,,,,,
,,,,,,,,,,,,,,0,,,,,,,
,,,,,,,,,,,,,,0,,,,,,,
,,,,,,,,,,,,,,0,,,,,,,
,,,,,,,,,,,,,,0,,,,,,,
,,,,,,,,,,,,,,0,,,,,,,
,,,,,,,,,,,,,,0,,,,,,,
,,,,,,,,,,,,,,0,,,,,,,
,,,,,,,,,,,,,,0,,,,,,,
,,,,,,,,,,,,,,0,,,,,,,
,,,,,,,,,,,,,,0,,,,,,,
,,,,,,,,,,,,,,0,,,,,,,
,,,,,,,,,,,,,,0,,,,,,,
,,,,,,,,,,,,,,0,,,,,,,
,,,,,,,,,,,,,,0,,,,,,,
,,,,,,,,,,,,,,0,,,,,,,
,,,,,,,,,,,,,,0,,,,,,,
,,,,,,,,,,,,,,0,,,,,,,
,,,,,,,,,,,,,,0,,,,,,,
,,,,,,,,,,,,,,0,,,,,,,
,,,,,,,,,,,,,,0,,,,,,,
,,,,,,,,,,,,,,0,,,,,,,
,,,,,,,,,,,,,,0,,,,,,,
,,,,,,,,,,,,,,0,,,,,,,
,,,,,,,,,,,,,,0,,,,,,,
,,,,,,,,,,,,,,0,,,,,,,
,,,,,,,,,,,,,,0,,,,,,,
,,,,,,,,,,,,,,0,,,,,,,
,,,,,,,,,,,,,,0,,,,,,,
,,,,,,,,,,,,,,0,,,,,,,
,,,,,,,,,,,,,,0,,,,,,,
,,,,,,,,,,,,,,0,,,,,,,
,,,,,,,,,,,,,,0,,,,,,,
,,,,,,,,,,,,,,0,,,,,,,
,,,,,,,,,,,,,,0,,,,,,,
,,,,,,,,,,,,,,0,,,,,,,
,,,,,,,,,,,,,,0,,,,,,,
,,,,,,,,,,,,,,0,,,,,,,
,,,,,,,,,,,,,,0,,,,,,,
,,,,,,,,,,,,,,0,,,,,,,
,,,,,,,,,,,,,,0,,,,,,,
,,,,,,,,,,,,,,0,,,,,,,
,,,,,,,,,,,,,,0,,,,,,,
,,,,,,,,,,,,,,0,,,,,,,
,,,,,,,,,,,,,,0,,,,,,,
,,,,,,,,,,,,,,0,,,,,,,
,,,,,,,,,,,,,,0,,,,,,,
,,,,,,,,,,,,,,0,,,,,,,
,,,,,,,,,,,,,,0,,,,,,,
,,,,,,,,,,,,,,0,,,,,,,
,,,,,,,,,,,,,,0,,,,,,,
,,,,,,,,,,,,,,0,,,,,,,
,,,,,,,,,,,,,,0,,,,,,,
,,,,,,,,,,,,,,0,,,,,,,
,,,,,,,,,,,,,,0,,,,,,,
,,,,,,,,,,,,,,0,,,,,,,
,,,,,,,,,,,,,,0,,,,,,,
,,,,,,,,,,,,,,0,,,,,,,
,,,,,,,,,,,,,,0,,,,,,,
,,,,,,,,,,,,,,0,,,,,,,
,,,,,,,,,,,,,,0,,,,,,,
,,,,,,,,,,,,,,0,,,,,,,
,,,,,,,,,,,,,,0,,,,,,,
,,,,,,,,,,,,,,0,,,,,,,
,,,,,,,,,,,,,,0,,,,,,,
,,,,,,,,,,,,,,0,,,,,,,
,,,,,,,,,,,,,,0,,,,,,,
,,,,,,,,,,,,,,0,,,,,,,
,,,,,,,,,,,,,,0,,,,,,,
,,,,,,,,,,,,,,0,,,,,,,
,,,,,,,,,,,,,,0,,,,,,,
,,,,,,,,,,,,,,0,,,,,,,
,,,,,,,,,,,,,,0,,,,,,,
,,,,,,,,,,,,,,0,,,,,,,
,,,,,,,,,,,,,,0,,,,,,,
,,,,,,,,,,,,,,0,,,,,,,
,,,,,,,,,,,,,,0,,,,,,,
,,,,,,,,,,,,,,0,,,,,,,
,,,,,,,,,,,,,,0,,,,,,,
,,,,,,,,,,,,,,0,,,,,,,
,,,,,,,,,,,,,,0,,,,,,,
,,,,,,,,,,,,,,0,,,,,,,
,,,,,,,,,,,,,,0,,,,,,,
,,,,,,,,,,,,,,0,,,,,,,
,,,,,,,,,,,,,,0,,,,,,,
,,,,,,,,,,,,,,0,,,,,,,
,,,,,,,,,,,,,,0,,,,,,,
,,,,,,,,,,,,,,0,,,,,,,
,,,,,,,,,,,,,,0,,,,,,,
,,,,,,,,,,,,,,0,,,,,,,
,,,,,,,,,,,,,,0,,,,,,,
,,,,,,,,,,,,,,0,,,,,,,
,,,,,,,,,,,,,,0,,,,,,,
,,,,,,,,,,,,,,0,,,,,,,
,,,,,,,,,,,,,,0,,,,,,,
,,,,,,,,,,,,,,0,,,,,,,
,,,,,,,,,,,,,,0,,,,,,,
,,,,,,,,,,,,,,0,,,,,,,
,,,,,,,,,,,,,,0,,,,,,,
,,,,,,,,,,,,,,0,,,,,,,
,,,,,,,,,,,,,,0,,,,,,,
,,,,,,,,,,,,,,0,,,,,,,
,,,,,,,,,,,,,,0,,,,,,,
,,,,,,,,,,,,,,0,,,,,,,
,,,,,,,,,,,,,,0,,,,,,,
,,,,,,,,,,,,,,0,,,,,,,
,,,,,,,,,,,,,,0,,,,,,,
,,,,,,,,,,,,,,0,,,,,,,
,,,,,,,,,,,,,,0,,,,,,,
,,,,,,,,,,,,,,0,,,,,,,
,,,,,,,,,,,,,,0,,,,,,,
,,,,,,,,,,,,,,0,,,,,,,
,,,,,,,,,,,,,,0,,,,,,,
,,,,,,,,,,,,,,0,,,,,,,
,,,,,,,,,,,,,,0,,,,,,,
,,,,,,,,,,,,,,0,,,,,,,
,,,,,,,,,,,,,,0,,,,,,,
,,,,,,,,,,,,,,0,,,,,,,
,,,,,,,,,,,,,,0,,,,,,,
,,,,,,,,,,,,,,0,,,,,,,
,,,,,,,,,,,,,,0,,,,,,,
,,,,,,,,,,,,,,0,,,,,,,
,,,,,,,,,,,,,,0,,,,,,,
,,,,,,,,,,,,,,0,,,,,,,
,,,,,,,,,,,,,,0,,,,,,,
,,,,,,,,,,,,,,0,,,,,,,
,,,,,,,,,,,,,,0,,,,,,,
,,,,,,,,,,,,,,0,,,,,,,
,,,,,,,,,,,,,,0,,,,,,,
,,,,,,,,,,,,,,0,,,,,,,
,,,,,,,,,,,,,,0,,,,,,,
,,,,,,,,,,,,,,0,,,,,,,
,,,,,,,,,,,,,,0,,,,,,,
,,,,,,,,,,,,,,0,,,,,,,
,,,,,,,,,,,,,,0,,,,,,,
,,,,,,,,,,,,,,0,,,,,,,
,,,,,,,,,,,,,,0,,,,,,,
,,,,,,,,,,,,,,0,,,,,,,
,,,,,,,,,,,,,,0,,,,,,,
,,,,,,,,,,,,,,0,,,,,,,
,,,,,,,,,,,,,,0,,,,,,,
,,,,,,,,,,,,,,0,,,,,,,
,,,,,,,,,,,,,,0,,,,,,,
,,,,,,,,,,,,,,0,,,,,,,
,,,,,,,,,,,,,,0,,,,,,,
,,,,,,,,,,,,,,0,,,,,,,
,,,,,,,,,,,,,,0,,,,,,,
,,,,,,,,,,,,,,0,,,,,,,
,,,,,,,,,,,,,,0,,,,,,,
,,,,,,,,,,,,,,0,,,,,,,
,,,,,,,,,,,,,,0,,,,,,,
,,,,,,,,,,,,,,0,,,,,,,
,,,,,,,,,,,,,,0,,,,,,,
,,,,,,,,,,,,,,0,,,,,,,
,,,,,,,,,,,,,,0,,,,,,,
,,,,,,,,,,,,,,0,,,,,,,
,,,,,,,,,,,,,,0,,,,,,,
,,,,,,,,,,,,,,0,,,,,,,
,,,,,,,,,,,,,,0,,,,,,,
,,,,,,,,,,,,,,0,,,,,,,
,,,,,,,,,,,,,,0,,,,,,,
,,,,,,,,,,,,,,0,,,,,,,
,,,,,,,,,,,,,,0,,,,,,,
,,,,,,,,,,,,,,0,,,,,,,
,,,,,,,,,,,,,,0,,,,,,,
,,,,,,,,,,,,,,0,,,,,,,
,,,,,,,,,,,,,,0,,,,,,,
,,,,,,,,,,,,,,0,,,,,,,
,,,,,,,,,,,,,,0,,,,,,,
,,,,,,,,,,,,,,0,,,,,,,
,,,,,,,,,,,,,,0,,,,,,,
,,,,,,,,,,,,,,0,,,,,,,
,,,,,,,,,,,,,,0,,,,,,,
,,,,,,,,,,,,,,0,,,,,,,
,,,,,,,,,,,,,,0,,,,,,,
,,,,,,,,,,,,,,0,,,,,,,
,,,,,,,,,,,,,,0,,,,,,,
,,,,,,,,,,,,,,0,,,,,,,
,,,,,,,,,,,,,,0,,,,,,,
,,,,,,,,,,,,,,0,,,,,,,
,,,,,,,,,,,,,,0,,,,,,,
,,,,,,,,,,,,,,0,,,,,,,
,,,,,,,,,,,,,,0,,,,,,,
,,,,,,,,,,,,,,0,,,,,,,
,,,,,,,,,,,,,,0,,,,,,,
,,,,,,,,,,,,,,0,,,,,,,
,,,,,,,,,,,,,,0,,,,,,,
,,,,,,,,,,,,,,0,,,,,,,
,,,,,,,,,,,,,,0,,,,,,,
,,,,,,,,,,,,,,0,,,,,,,
,,,,,,,,,,,,,,0,,,,,,,
,,,,,,,,,,,,,,0,,,,,,,
,,,,,,,,,,,,,,0,,,,,,,
,,,,,,,,,,,,,,0,,,,,,,
,,,,,,,,,,,,,,0,,,,,,,
